{
  "cell_table": {
    "A": {
      "clean_L0": [
        50,
        0.64,
        0.5,
        0.76
      ],
      "viewpoint_L2": [
        60,
        0.0,
        0.0,
        0.0
      ],
      "viewpoint_L4": [
        60,
        0.0,
        0.0,
        0.0
      ],
      "lighting_L2": [
        60,
        0.4166666666666667,
        0.3,
        0.55
      ],
      "lighting_L4": [
        60,
        0.16666666666666666,
        0.08333333333333333,
        0.26666666666666666
      ],
      "texture_L2": [
        60,
        0.11666666666666667,
        0.05,
        0.2
      ],
      "texture_L4": [
        60,
        0.5333333333333333,
        0.4,
        0.6666666666666666
      ],
      "noise_L2": [
        45,
        0.24444444444444444,
        0.13333333333333333,
        0.37777777777777777
      ],
      "noise_L4": [
        35,
        0.0,
        0.0,
        0.0
      ],
      "layout_L2": [
        60,
        0.16666666666666666,
        0.08333333333333333,
        0.26666666666666666
      ],
      "layout_L4": [
        60,
        0.2,
        0.1,
        0.3
      ]
    },
    "B": {
      "clean_L0": [
        50,
        0.68,
        0.54,
        0.8
      ],
      "viewpoint_L2": [
        60,
        0.0,
        0.0,
        0.0
      ],
      "viewpoint_L4": [
        60,
        0.0,
        0.0,
        0.0
      ],
      "lighting_L2": [
        60,
        0.48333333333333334,
        0.35,
        0.6166666666666667
      ],
      "lighting_L4": [
        60,
        0.48333333333333334,
        0.36666666666666664,
        0.6166666666666667
      ],
      "texture_L2": [
        60,
        0.31666666666666665,
        0.2,
        0.43333333333333335
      ],
      "texture_L4": [
        60,
        0.4666666666666667,
        0.35,
        0.6
      ],
      "noise_L2": [
        30,
        0.03333333333333333,
        0.0,
        0.1
      ],
      "noise_L4": [
        30,
        0.0,
        0.0,
        0.0
      ],
      "layout_L2": [
        60,
        0.4,
        0.2833333333333333,
        0.5166666666666667
      ],
      "layout_L4": [
        60,
        0.26666666666666666,
        0.16666666666666666,
        0.38333333333333336
      ]
    },
    "C": {
      "clean_L0": [
        50,
        0.58,
        0.44,
        0.72
      ],
      "viewpoint_L2": [
        60,
        0.0,
        0.0,
        0.0
      ],
      "viewpoint_L4": [
        60,
        0.0,
        0.0,
        0.0
      ],
      "lighting_L2": [
        60,
        0.38333333333333336,
        0.26666666666666666,
        0.5
      ],
      "lighting_L4": [
        60,
        0.36666666666666664,
        0.25,
        0.48333333333333334
      ],
      "texture_L2": [
        60,
        0.2833333333333333,
        0.16666666666666666,
        0.4
      ],
      "texture_L4": [
        60,
        0.5666666666666667,
        0.43333333333333335,
        0.6833333333333333
      ],
      "noise_L2": [
        30,
        0.1,
        0.0,
        0.23333333333333334
      ],
      "noise_L4": [
        30,
        0.0,
        0.0,
        0.0
      ],
      "layout_L2": [
        60,
        0.43333333333333335,
        0.31666666666666665,
        0.55
      ],
      "layout_L4": [
        60,
        0.31666666666666665,
        0.2,
        0.43333333333333335
      ]
    }
  },
  "H1": {
    "name": "H1: SR_B > SR_A pooled across perturbations",
    "n_episodes": 540,
    "n_cells": 10,
    "sr_A": 19.62962962962963,
    "sr_B": 27.037037037037038,
    "delta_pp": 7.4074074074074066,
    "delta_ci_pp": [
      2.7777777777777817,
      11.856481481481417
    ],
    "mcnemar": {
      "a_only": 98,
      "b_only": 58,
      "n_discordant": 156,
      "statistic": 9.75,
      "pvalue": 0.0017932271518500621,
      "method": "chi2 (continuity-corrected)"
    }
  },
  "H2": {
    "name": "H2: SR_C > SR_B per in-dist family (Holm corrected)",
    "per_family": {
      "lighting": {
        "n_episodes": 120,
        "sr_B": 48.333333333333336,
        "sr_C": 37.5,
        "delta_method_pp": -10.833333333333334,
        "delta_ci_pp": [
          -22.499999999999996,
          0.0
        ],
        "mcnemar": {
          "a_only": 19,
          "b_only": 32,
          "n_discordant": 51,
          "statistic": 2.823529411764706,
          "pvalue": 0.09289194088370473,
          "method": "chi2 (continuity-corrected)"
        },
        "p_raw": 0.09289194088370473,
        "p_holm": 0.2786758226511142,
        "reject_holm": false
      },
      "noise": {
        "n_episodes": 60,
        "sr_B": 1.6666666666666667,
        "sr_C": 5.0,
        "delta_method_pp": 3.333333333333334,
        "delta_ci_pp": [
          -3.3333333333333335,
          10.0
        ],
        "mcnemar": {
          "a_only": 3,
          "b_only": 1,
          "n_discordant": 4,
          "statistic": 1.0,
          "pvalue": 0.625,
          "method": "exact binomial"
        },
        "p_raw": 0.625,
        "p_holm": 1.0,
        "reject_holm": false
      },
      "texture": {
        "n_episodes": 120,
        "sr_B": 39.166666666666664,
        "sr_C": 42.5,
        "delta_method_pp": 3.3333333333333326,
        "delta_ci_pp": [
          -7.500000000000001,
          14.166666666666666
        ],
        "mcnemar": {
          "a_only": 25,
          "b_only": 21,
          "n_discordant": 46,
          "statistic": 0.1956521739130435,
          "pvalue": 0.6582534143112833,
          "method": "chi2 (continuity-corrected)"
        },
        "p_raw": 0.6582534143112833,
        "p_holm": 1.0,
        "reject_holm": false
      }
    }
  },
  "H3": {
    "name": "H3: SR_B > SR_A on held-out layout (LoRA task-rep benefit)",
    "n_episodes": 120,
    "sr_A": 18.333333333333332,
    "sr_B": 33.333333333333336,
    "delta_pp": 15.0,
    "delta_ci_pp": [
      4.999999999999999,
      25.0
    ],
    "mcnemar": {
      "a_only": 29,
      "b_only": 11,
      "n_discordant": 40,
      "statistic": 7.225,
      "pvalue": 0.00718951725016505,
      "method": "chi2 (continuity-corrected)"
    }
  }
}